bus,x,y
0,-48.88319871,-28.36270195
1707448,-48.88280453,-28.36265125
1707452,-48.88280453,-28.36265125
1707450,-48.88256102,-28.36250246
6327090,-48.87797667,-28.37937248
2237228,-48.87775601,-28.37920220
6327206,-48.87835244,-28.37949546
2237229,-48.87736376,-28.37893378
2237230,-48.87697002,-28.37865821
2237231,-48.87656640,-28.37837662
1707276,-48.87616296,-28.37810143
1705406,-48.87672818,-28.51283488
1705404,-48.87680954,-28.51258792
1678105,-49.01190547,-28.46800271
1652206,-49.01205609,-28.46787723
1678103,-49.01199685,-28.46819409
2554307,-49.01469782,-28.46733840
2554305,-49.01465957,-28.46730896
2554304,-49.01462964,-28.46742412
2554306,-49.01469782,-28.46733840
1678109,-49.01053111,-28.46781017
6133672,-49.01030874,-28.46773725
2227001,-49.01111821,-28.46793904
2669992,-49.01407237,-28.46687366
2227013,-49.01391587,-28.46680036
2669993,-49.01382380,-28.46687995
2227012,-49.01416556,-28.46695253
2227011,-49.01444124,-28.46712350
2227020,-49.01239526,-28.46831668
2227021,-49.01218730,-28.46825931
2227019,-49.01260026,-28.46811240
2227018,-49.01279169,-28.46791812
2227017,-49.01304259,-28.46767282
2227015,-49.01347042,-28.46724341
2227016,-49.01324424,-28.46746696
2227014,-49.01369989,-28.46700808
1694169,-49.01205609,-28.46787723
2221653,-49.01233661,-28.46759356
2221654,-49.01262841,-28.46731773
2221655,-49.01288868,-28.46706806
2221656,-49.01313821,-28.46683023
2221657,-49.01340296,-28.46656733
2221658,-49.01365885,-28.46630310
1652207,-49.01391422,-28.46605335
1652198,-49.01415225,-28.46579649
2222267,-49.00991635,-28.46762033
2725790,-49.00957650,-28.46752260
2222268,-49.00929836,-28.46743948
2222269,-49.00866442,-28.46727634
1655575,-49.00834568,-28.46717440
1655574,-49.00720095,-28.46703905
2222312,-49.00712399,-28.46706436
2542910,-49.00690429,-28.46701792
1655588,-49.00659871,-28.46700406
1705542,-48.85348819,-28.53212433
1705540,-48.85359898,-28.53202187
2542913,-49.00690429,-28.46701792
2542911,-49.00691391,-28.46682631
1655573,-49.01447577,-28.46764472
2564119,-49.01312669,-28.46769129
1705530,-48.85568989,-28.53331147
1705528,-48.85570042,-28.53312468
1720309,-48.89338640,-28.41388967
1720307,-48.89321805,-28.41396990
1678106,-49.01143273,-28.46808649
1707442,-48.88436904,-28.36757842
1707440,-48.88418777,-28.36743899
1694802,-48.89165073,-28.42039104
1694801,-48.89143635,-28.42036191
BT_1652208,-49.01338953,-28.46658094
BT_2735313,-49.01341969,-28.46662030
BT_1727690,-49.01357132,-28.46642986
BT_1685992,-49.01030483,-28.46775497
BT_1685990,-49.01051138,-28.46780555
BT_1652212,-49.01315184,-28.46681681
BT_1652209,-49.01367374,-28.46631549
BT_1694168,-49.01390017,-28.46604024
BT_1652211,-49.01416516,-28.46581049
BT_1652210,-49.01437625,-28.46558572
BT_1727695,-49.01419044,-28.46581880
BT_2725791,-49.00956904,-28.46753936
BT_1685991,-49.00990625,-28.46763598
BT_1685989,-49.00931701,-28.46744679
BT_1678110,-49.00864491,-28.46727100
BT_1691630,-49.00927830,-28.46743621
BT_1655576,-49.00834398,-28.46715641
BT_1691629,-49.00790213,-28.46656837
BT_1655577,-49.00719935,-28.46702107
BT_1655578,-49.00746426,-28.46677473
BT_1726911,-49.00816866,-28.46624652
BT_1727691,-49.01378071,-28.46621969
BT_1727689,-49.01397261,-28.46603227
BT_1716982,-49.01397261,-28.46603227
BT_1727692,-49.01440737,-28.46559267
BT_1727693,-49.01466975,-28.46533328
BT_1716981,-49.01489956,-28.46510103
BT_1727694,-49.01512088,-28.46491341
BT_1691631,-49.00882523,-28.46690689
BT_5925759,-49.00900120,-28.46668244
BT_6531952,-49.00887221,-28.46663913
BT_2415596,-49.00837618,-28.46651747
BT_1692314,-49.00859501,-28.46711221
BT_1707277,-48.87616296,-28.37810143
BT_1707441,-48.88418777,-28.36743899
BT_1705529,-48.85570042,-28.53312468
BT_1705541,-48.85359898,-28.53202187
BT_1694803,-48.89143635,-28.42036191
BT_1720308,-48.89321805,-28.41396990
BT_1707451,-48.88256102,-28.36250246
BT_4149830,-49.01419044,-28.46581880
BT_4186628,-49.01419044,-28.46581880
BT_4080588,-49.00931701,-28.46744679
BT_4003734,-49.01315184,-28.46681681
BT_4180137,-49.00746426,-28.46677473
BT_3414964,-49.00790213,-28.46656837
BT_3130508,-49.01315184,-28.46681681
BT_3079184,-49.01341969,-28.46662030
BT_4260271,-49.01338953,-28.46658094
BT_4298640,-49.00900120,-28.46668244
BT_3785627,-49.01437625,-28.46558572
BT_3613501,-49.01419044,-28.46581880
BT_5891182,-49.00927830,-28.46743621
BT_4312693,-49.01378071,-28.46621969
BT_4492917,-49.01466975,-28.46533328
BT_4496636,-49.01489956,-28.46510103
BT_3531842,-49.00834398,-28.46715641
BT_4193401,-49.01357132,-28.46642986
BT_4429245,-49.01466975,-28.46533328
BT_6457009,-49.01051138,-28.46780555
BT_4063608,-49.00790213,-28.46656837
BT_4079154,-49.01512088,-28.46491341
BT_3550148,-49.01367374,-28.46631549
BT_3715205,-49.01489956,-28.46510103
BT_4240232,-49.00837618,-28.46651747
BT_3075467,-49.01466975,-28.46533328
BT_3185497,-49.01466975,-28.46533328
BT_4077466,-49.01419044,-28.46581880
BT_6777317,-49.00931701,-28.46744679
BT_4067238,-49.01390017,-28.46604024
BT_3018365,-49.01390017,-28.46604024
BT_4122617,-49.01341969,-28.46662030
BT_4021925,-49.01315184,-28.46681681
BT_5922426,-49.01390017,-28.46604024
BT_3238945,-49.00887221,-28.46663913
1655589,-49.00659871,-28.46700406
2227008,-49.01260026,-28.46811240
2221321,-49.01312669,-28.46769129
SE_6034744,-49.01435558,-28.46778782
SE_6034379,-49.01435558,-28.46778782
SE_6034570,-49.01435558,-28.46778782
